{"Germany": 0.8064878498773684, "Italy": 0.6257439680780702, "Greece": 0.615163389784386, "Spain": 0.5376034421350877, "Bulgaria": 0.29922502202807016, "Belgium": 0.24889042882807016, "Switzerland": 0.23368588121929823, "Netherlands": 0.22793137651947368, "United Kingdom": 0.18960054900771928, "Denmark": 0.18535666358807015, "Portugal": 0.18190262287964912, "Ukraine": 0.160884191571875, "France": 0.15823774200175442, "Hungary": 0.15475947881684213, "Austria": 0.14645736176035087}