{"Greece": 4.622667, "Spain": 4.5159316, "Italy": 3.7155635, "Germany": 3.65126, "Hungary": 3.5173914, "Netherlands": 3.10039, "Switzerland": 2.6370564, "Portugal": 2.1745346, "Belgium": 1.9378928, "Denmark": 1.7925481, "Bulgaria": 1.7911069, "Ukraine": 1.7870628, "United Kingdom": 1.6249489, "France": 1.4627429, "Austria": 1.3500032}